exchange_id,expediente,legislature,date,session_id,ds_id,parliamentary_group,questioner_id,answerer_id,parlamint_document_id,q1_utterance_id,r1_utterance_id,q2_utterance_id,r2_utterance_id,link_status,eligible,exclusion_reason,exclude_from_sampling,sampling_exclusion_reason,source_version
ex_801e4afeec0f65f4,180/000005,XIV,2020-02-12,ParlaMint-ES_2020-02-12-CD200212,DSCD-14-PL-8,GVOX,#SantiagoAbascalConde,#PedroSánchezPérezCastejón,ParlaMint-ES_2020-02-12-CD200212,ParlaMint-ES_2020-02-12-CD200212.u10,ParlaMint-ES_2020-02-12-CD200212.u12,ParlaMint-ES_2020-02-12-CD200212.u14,ParlaMint-ES_2020-02-12-CD200212.u16,high_confidence,True,,True,linkage_QA,ParlaMint-ES-5.0
ex_a01264e3110cb212,180/000005,XIV,2020-02-12,ParlaMint-ES_2020-02-12-CD200212,,,#PabloCasadoBlanco,#PedroSánchezPérezCastejón,ParlaMint-ES_2020-02-12-CD200212,ParlaMint-ES_2020-02-12-CD200212.u2,ParlaMint-ES_2020-02-12-CD200212.u4,ParlaMint-ES_2020-02-12-CD200212.u6,ParlaMint-ES_2020-02-12-CD200212.u8,ambiguous,False,multiple_same_questioner_on_date,False,,ParlaMint-ES-5.0
ex_35f8949ee56d8351,180/000013,XIV,2020-02-12,ParlaMint-ES_2020-02-12-CD200212,DSCD-14-PL-8,GR,#GabrielRufiánRomero,#PedroSánchezPérezCastejón,ParlaMint-ES_2020-02-12-CD200212,ParlaMint-ES_2020-02-12-CD200212.u19,ParlaMint-ES_2020-02-12-CD200212.u21,ParlaMint-ES_2020-02-12-CD200212.u23,,exact,True,,False,,ParlaMint-ES-5.0
ex_3cc3e39ef0e39c76,180/000041,XIV,2020-02-26,ParlaMint-ES_2020-02-26-CD200226,DSCD-14-PL-13,GP,#PabloCasadoBlanco,#PedroSánchezPérezCastejón,ParlaMint-ES_2020-02-26-CD200226,ParlaMint-ES_2020-02-26-CD200226.u2,ParlaMint-ES_2020-02-26-CD200226.u4,ParlaMint-ES_2020-02-26-CD200226.u6,ParlaMint-ES_2020-02-26-CD200226.u8,exact,True,,True,phase0_feasibility_probe,ParlaMint-ES-5.0
ex_8e9d665073af9c7e,180/000047,XIV,2020-02-26,ParlaMint-ES_2020-02-26-CD200226,DSCD-14-PL-13,GPlu,#LauraBorràsCastanyer,#PedroSánchezPérezCastejón,ParlaMint-ES_2020-02-26-CD200226,ParlaMint-ES_2020-02-26-CD200226.u13,ParlaMint-ES_2020-02-26-CD200226.u15,ParlaMint-ES_2020-02-26-CD200226.u17,ParlaMint-ES_2020-02-26-CD200226.u19,exact,True,,True,phase0_feasibility_probe,ParlaMint-ES-5.0
ex_d64ceccbc765e8a4,,XIV,2020-02-26,ParlaMint-ES_2020-02-26-CD200226,,,#AitorEstebanBravo,#PedroSánchezPérezCastejón,ParlaMint-ES_2020-02-26-CD200226,ParlaMint-ES_2020-02-26-CD200226.u21,ParlaMint-ES_2020-02-26-CD200226.u23,ParlaMint-ES_2020-02-26-CD200226.u25,ParlaMint-ES_2020-02-26-CD200226.u27,unlinked,False,no_congreso_name_match,False,,ParlaMint-ES-5.0
ex_40a397f24f5e5722,180/000071,XIV,2020-04-15,ParlaMint-ES_2020-04-15-CD200415,DSCD-14-PL-18,GEH Bildu,#MertxeAizpuruaArzallus,#PedroSánchezPérezCastejón,ParlaMint-ES_2020-04-15-CD200415,ParlaMint-ES_2020-04-15-CD200415.u15,ParlaMint-ES_2020-04-15-CD200415.u17,,,high_confidence,True,,False,,ParlaMint-ES-5.0
ex_2314f9102e3487f3,180/000078,XIV,2020-04-15,ParlaMint-ES_2020-04-15-CD200415,DSCD-14-PL-18,GMx,#MireiaVehíCantenys,#PedroSánchezPérezCastejón,ParlaMint-ES_2020-04-15-CD200415,ParlaMint-ES_2020-04-15-CD200415.u20,ParlaMint-ES_2020-04-15-CD200415.u22,ParlaMint-ES_2020-04-15-CD200415.u24,ParlaMint-ES_2020-04-15-CD200415.u26,exact,True,,True,linkage_QA,ParlaMint-ES-5.0
ex_edd4ac1ae8a399bd,180/000079,XIV,2020-04-15,ParlaMint-ES_2020-04-15-CD200415,DSCD-14-PL-18,GP,#PabloCasadoBlanco,#PedroSánchezPérezCastejón,ParlaMint-ES_2020-04-15-CD200415,ParlaMint-ES_2020-04-15-CD200415.u4,ParlaMint-ES_2020-04-15-CD200415.u6,ParlaMint-ES_2020-04-15-CD200415.u8,ParlaMint-ES_2020-04-15-CD200415.u10,high_confidence,True,,False,,ParlaMint-ES-5.0
ex_89f4f0d6c66c959d,180/000088,XIV,2020-04-22,ParlaMint-ES_2020-04-22-CD200422,DSCD-14-PL-19,GP,#PabloCasadoBlanco,#PedroSánchezPérezCastejón,ParlaMint-ES_2020-04-22-CD200422,ParlaMint-ES_2020-04-22-CD200422.u93,ParlaMint-ES_2020-04-22-CD200422.u95,ParlaMint-ES_2020-04-22-CD200422.u97,ParlaMint-ES_2020-04-22-CD200422.u99,exact,True,,False,,ParlaMint-ES-5.0
ex_f0cc9baee444954d,180/000097,XIV,2020-04-22,ParlaMint-ES_2020-04-22-CD200422,DSCD-14-PL-19,GVOX,#SantiagoAbascalConde,#PedroSánchezPérezCastejón,ParlaMint-ES_2020-04-22-CD200422,ParlaMint-ES_2020-04-22-CD200422.u102,ParlaMint-ES_2020-04-22-CD200422.u104,ParlaMint-ES_2020-04-22-CD200422.u106,ParlaMint-ES_2020-04-22-CD200422.u108,exact,True,,False,,ParlaMint-ES-5.0
ex_c029bae7f7221441,,XIV,2020-04-22,ParlaMint-ES_2020-04-22-CD200422,,,#GabrielRufiánRomero,#PedroSánchezPérezCastejón,ParlaMint-ES_2020-04-22-CD200422,ParlaMint-ES_2020-04-22-CD200422.u110,ParlaMint-ES_2020-04-22-CD200422.u112,ParlaMint-ES_2020-04-22-CD200422.u114,ParlaMint-ES_2020-04-22-CD200422.u116,unlinked,False,tei_expediente_name_mismatch,False,,ParlaMint-ES-5.0
ex_a1774bbdbc78e51e,180/000105,XIV,2020-04-29,ParlaMint-ES_2020-04-29-CD200429,DSCD-14-PL-20,GCs,#EdmundoBalFrancés,#PedroSánchezPérezCastejón,ParlaMint-ES_2020-04-29-CD200429,ParlaMint-ES_2020-04-29-CD200429.u20,ParlaMint-ES_2020-04-29-CD200429.u22,ParlaMint-ES_2020-04-29-CD200429.u24,ParlaMint-ES_2020-04-29-CD200429.u26,high_confidence,True,,False,,ParlaMint-ES-5.0
ex_4d8dc4ca56d3db30,180/000112,XIV,2020-04-29,ParlaMint-ES_2020-04-29-CD200429,DSCD-14-PL-20,GP,#PabloCasadoBlanco,#PedroSánchezPérezCastejón,ParlaMint-ES_2020-04-29-CD200429,ParlaMint-ES_2020-04-29-CD200429.u4,ParlaMint-ES_2020-04-29-CD200429.u6,ParlaMint-ES_2020-04-29-CD200429.u8,ParlaMint-ES_2020-04-29-CD200429.u10,exact,True,,False,,ParlaMint-ES-5.0
ex_8e08079ba60d4469,,XIV,2020-04-29,ParlaMint-ES_2020-04-29-CD200429,,,#ÍñigoErrejónGalván,#PedroSánchezPérezCastejón,ParlaMint-ES_2020-04-29-CD200429,ParlaMint-ES_2020-04-29-CD200429.u12,ParlaMint-ES_2020-04-29-CD200429.u14,ParlaMint-ES_2020-04-29-CD200429.u16,ParlaMint-ES_2020-04-29-CD200429.u18,unlinked,False,tei_expediente_name_mismatch,False,,ParlaMint-ES-5.0
ex_8b7363088465b50f,180/000127,XIV,2020-05-13,ParlaMint-ES_2020-05-13-CD200513,DSCD-14-PL-22,,#AitorEstebanBravo,#PedroSánchezPérezCastejón,ParlaMint-ES_2020-05-13-CD200513,ParlaMint-ES_2020-05-13-CD200513.u13,ParlaMint-ES_2020-05-13-CD200513.u15,ParlaMint-ES_2020-05-13-CD200513.u17,ParlaMint-ES_2020-05-13-CD200513.u19,exact,True,,False,,ParlaMint-ES-5.0
ex_2c621c45694e36e3,180/000128,XIV,2020-05-13,ParlaMint-ES_2020-05-13-CD200513,DSCD-14-PL-22,GP,#PabloCasadoBlanco,#PedroSánchezPérezCastejón,ParlaMint-ES_2020-05-13-CD200513,ParlaMint-ES_2020-05-13-CD200513.u4,ParlaMint-ES_2020-05-13-CD200513.u6,ParlaMint-ES_2020-05-13-CD200513.u8,ParlaMint-ES_2020-05-13-CD200513.u10,exact,True,,True,phase0_feasibility_probe,ParlaMint-ES-5.0
ex_6217908722bb4327,180/000135,XIV,2020-05-13,ParlaMint-ES_2020-05-13-CD200513,DSCD-14-PL-22,GEH Bildu,#OskarMatuteGarcíaDeJalón,#PedroSánchezPérezCastejón,ParlaMint-ES_2020-05-13-CD200513,ParlaMint-ES_2020-05-13-CD200513.u22,ParlaMint-ES_2020-05-13-CD200513.u24,ParlaMint-ES_2020-05-13-CD200513.u26,ParlaMint-ES_2020-05-13-CD200513.u28,exact,True,,False,,ParlaMint-ES-5.0
ex_96a6c2a80ecb4d0a,180/000137,XIV,2020-05-20,ParlaMint-ES_2020-05-20-CD200520,DSCD-14-PL-23,GMx,#AnaMaríaOramasGonzálezMoro,#PedroSánchezPérezCastejón,ParlaMint-ES_2020-05-20-CD200520,ParlaMint-ES_2020-05-20-CD200520.u104,ParlaMint-ES_2020-05-20-CD200520.u106,ParlaMint-ES_2020-05-20-CD200520.u108,,high_confidence,True,,True,linkage_QA,ParlaMint-ES-5.0
ex_dfefd28f76d2b071,180/000143,XIV,2020-05-20,ParlaMint-ES_2020-05-20-CD200520,DSCD-14-PL-23,GP,#PabloCasadoBlanco,#PedroSánchezPérezCastejón,ParlaMint-ES_2020-05-20-CD200520,ParlaMint-ES_2020-05-20-CD200520.u96,ParlaMint-ES_2020-05-20-CD200520.u98,ParlaMint-ES_2020-05-20-CD200520.u100,ParlaMint-ES_2020-05-20-CD200520.u102,high_confidence,True,,False,,ParlaMint-ES-5.0
ex_733822a74ad21660,180/000156,XIV,2020-05-27,ParlaMint-ES_2020-05-27-CD200527,DSCD-14-PL-24,GR,#GabrielRufiánRomero,#PedroSánchezPérezCastejón,ParlaMint-ES_2020-05-27-CD200527,ParlaMint-ES_2020-05-27-CD200527.u11,ParlaMint-ES_2020-05-27-CD200527.u13,ParlaMint-ES_2020-05-27-CD200527.u15,ParlaMint-ES_2020-05-27-CD200527.u17,high_confidence,True,,True,linkage_QA,ParlaMint-ES-5.0
ex_963d5bc1dae1f47a,180/000159,XIV,2020-05-27,ParlaMint-ES_2020-05-27-CD200527,DSCD-14-PL-24,GP,#PabloCasadoBlanco,#PedroSánchezPérezCastejón,ParlaMint-ES_2020-05-27-CD200527,ParlaMint-ES_2020-05-27-CD200527.u3,ParlaMint-ES_2020-05-27-CD200527.u5,ParlaMint-ES_2020-05-27-CD200527.u7,ParlaMint-ES_2020-05-27-CD200527.u9,high_confidence,True,,False,,ParlaMint-ES-5.0
ex_20e99c6549b635bb,180/000175,XIV,2020-06-03,ParlaMint-ES_2020-06-03-CD200603,DSCD-14-PL-25,,#AitorEstebanBravo,#PedroSánchezPérezCastejón,ParlaMint-ES_2020-06-03-CD200603,ParlaMint-ES_2020-06-03-CD200603.u103,ParlaMint-ES_2020-06-03-CD200603.u105,ParlaMint-ES_2020-06-03-CD200603.u107,ParlaMint-ES_2020-06-03-CD200603.u109,high_confidence,True,,True,linkage_QA,ParlaMint-ES-5.0
ex_cbf51d52f1bc46b2,180/000178,XIV,2020-06-03,ParlaMint-ES_2020-06-03-CD200603,DSCD-14-PL-25,GPlu,#NéstorRegoCandamil,#PedroSánchezPérezCastejón,ParlaMint-ES_2020-06-03-CD200603,ParlaMint-ES_2020-06-03-CD200603.u95,ParlaMint-ES_2020-06-03-CD200603.u97,ParlaMint-ES_2020-06-03-CD200603.u99,ParlaMint-ES_2020-06-03-CD200603.u101,high_confidence,True,,True,linkage_QA,ParlaMint-ES-5.0
ex_c7186191342bf210,,XIV,2020-06-03,ParlaMint-ES_2020-06-03-CD200603,,,#PabloCasadoBlanco,#PedroSánchezPérezCastejón,ParlaMint-ES_2020-06-03-CD200603,ParlaMint-ES_2020-06-03-CD200603.u85,ParlaMint-ES_2020-06-03-CD200603.u87,ParlaMint-ES_2020-06-03-CD200603.u89,ParlaMint-ES_2020-06-03-CD200603.u93,unlinked,False,tei_expediente_name_mismatch,False,,ParlaMint-ES-5.0
ex_b6fe2f7c6837ce06,180/000192,XIV,2020-06-10,ParlaMint-ES_2020-06-10-CD200610,DSCD-14-PL-27,GEH Bildu,#MertxeAizpuruaArzallus,#PedroSánchezPérezCastejón,ParlaMint-ES_2020-06-10-CD200610,ParlaMint-ES_2020-06-10-CD200610.u23,ParlaMint-ES_2020-06-10-CD200610.u25,ParlaMint-ES_2020-06-10-CD200610.u27,ParlaMint-ES_2020-06-10-CD200610.u29,high_confidence,True,,False,,ParlaMint-ES-5.0
ex_39627f4af5e43f49,180/000194,XIV,2020-06-10,ParlaMint-ES_2020-06-10-CD200610,DSCD-14-PL-27,GP,#PabloCasadoBlanco,#PedroSánchezPérezCastejón,ParlaMint-ES_2020-06-10-CD200610,ParlaMint-ES_2020-06-10-CD200610.u3,ParlaMint-ES_2020-06-10-CD200610.u5,ParlaMint-ES_2020-06-10-CD200610.u9,ParlaMint-ES_2020-06-10-CD200610.u11,exact,True,,True,linkage_QA,ParlaMint-ES-5.0
ex_a8e6f3e450c7dd61,,XIV,2020-06-10,ParlaMint-ES_2020-06-10-CD200610,,,#EdmundoBalFrancés,#PedroSánchezPérezCastejón,ParlaMint-ES_2020-06-10-CD200610,ParlaMint-ES_2020-06-10-CD200610.u15,ParlaMint-ES_2020-06-10-CD200610.u17,ParlaMint-ES_2020-06-10-CD200610.u19,ParlaMint-ES_2020-06-10-CD200610.u21,unlinked,False,tei_expediente_name_mismatch,False,,ParlaMint-ES-5.0
ex_6c27733bbf8e49dd,180/000209,XIV,2020-06-17,ParlaMint-ES_2020-06-17-CD200617,DSCD-14-PL-30,GVOX,#SantiagoAbascalConde,#PedroSánchezPérezCastejón,ParlaMint-ES_2020-06-17-CD200617,ParlaMint-ES_2020-06-17-CD200617.u10,ParlaMint-ES_2020-06-17-CD200617.u12,ParlaMint-ES_2020-06-17-CD200617.u14,ParlaMint-ES_2020-06-17-CD200617.u16,high_confidence,True,,False,,ParlaMint-ES-5.0
ex_c7324f91d369cf10,180/000214,XIV,2020-06-17,ParlaMint-ES_2020-06-17-CD200617,DSCD-14-PL-30,GMx,#CarlosGarcíaAdanero,#PedroSánchezPérezCastejón,ParlaMint-ES_2020-06-17-CD200617,ParlaMint-ES_2020-06-17-CD200617.u19,ParlaMint-ES_2020-06-17-CD200617.u21,ParlaMint-ES_2020-06-17-CD200617.u23,ParlaMint-ES_2020-06-17-CD200617.u25,exact,True,,False,,ParlaMint-ES-5.0
ex_454fec04d48d4b0f,180/000216,XIV,2020-06-17,ParlaMint-ES_2020-06-17-CD200617,DSCD-14-PL-30,GP,#PabloCasadoBlanco,#PedroSánchezPérezCastejón,ParlaMint-ES_2020-06-17-CD200617,ParlaMint-ES_2020-06-17-CD200617.u2,ParlaMint-ES_2020-06-17-CD200617.u4,ParlaMint-ES_2020-06-17-CD200617.u6,ParlaMint-ES_2020-06-17-CD200617.u8,high_confidence,True,,True,linkage_QA,ParlaMint-ES-5.0
ex_8c76afe83a220237,180/000226,XIV,2020-06-24,ParlaMint-ES_2020-06-24-CD200624,DSCD-14-PL-32,GR,#GabrielRufiánRomero,#PedroSánchezPérezCastejón,ParlaMint-ES_2020-06-24-CD200624,ParlaMint-ES_2020-06-24-CD200624.u14,ParlaMint-ES_2020-06-24-CD200624.u16,,,high_confidence,True,,False,,ParlaMint-ES-5.0
ex_ff9f7f43f8932c71,180/000228,XIV,2020-06-24,ParlaMint-ES_2020-06-24-CD200624,DSCD-14-PL-32,GPlu,#JoanBaldovíRoda,#PedroSánchezPérezCastejón,ParlaMint-ES_2020-06-24-CD200624,ParlaMint-ES_2020-06-24-CD200624.u18,ParlaMint-ES_2020-06-24-CD200624.u20,ParlaMint-ES_2020-06-24-CD200624.u22,ParlaMint-ES_2020-06-24-CD200624.u24,high_confidence,True,,False,,ParlaMint-ES-5.0
ex_b75b9194133b6012,,XIV,2020-06-24,ParlaMint-ES_2020-06-24-CD200624,,,#PabloCasadoBlanco,#PedroSánchezPérezCastejón,ParlaMint-ES_2020-06-24-CD200624,ParlaMint-ES_2020-06-24-CD200624.u2,ParlaMint-ES_2020-06-24-CD200624.u4,ParlaMint-ES_2020-06-24-CD200624.u6,ParlaMint-ES_2020-06-24-CD200624.u10,unlinked,False,tei_expediente_name_mismatch,False,,ParlaMint-ES-5.0
ex_7f1152da3c86fb3c,180/000242,XIV,2020-07-22,ParlaMint-ES_2020-07-22-CD200722,DSCD-14-PL-37,,#AitorEstebanBravo,#PedroSánchezPérezCastejón,ParlaMint-ES_2020-07-22-CD200722,ParlaMint-ES_2020-07-22-CD200722.u25,ParlaMint-ES_2020-07-22-CD200722.u27,ParlaMint-ES_2020-07-22-CD200722.u29,ParlaMint-ES_2020-07-22-CD200722.u31,high_confidence,True,,False,,ParlaMint-ES-5.0
ex_03a4410e340596a9,180/000243,XIV,2020-07-22,ParlaMint-ES_2020-07-22-CD200722,DSCD-14-PL-37,GCs,#EdmundoBalFrancés,#PedroSánchezPérezCastejón,ParlaMint-ES_2020-07-22-CD200722,ParlaMint-ES_2020-07-22-CD200722.u15,ParlaMint-ES_2020-07-22-CD200722.u17,ParlaMint-ES_2020-07-22-CD200722.u21,ParlaMint-ES_2020-07-22-CD200722.u23,high_confidence,True,,False,,ParlaMint-ES-5.0
ex_9e9ea03382cdd5cf,180/000246,XIV,2020-07-22,ParlaMint-ES_2020-07-22-CD200722,DSCD-14-PL-37,GP,#PabloCasadoBlanco,#PedroSánchezPérezCastejón,ParlaMint-ES_2020-07-22-CD200722,ParlaMint-ES_2020-07-22-CD200722.u3,ParlaMint-ES_2020-07-22-CD200722.u5,ParlaMint-ES_2020-07-22-CD200722.u9,ParlaMint-ES_2020-07-22-CD200722.u13,high_confidence,True,,True,linkage_QA,ParlaMint-ES-5.0
ex_096d6303d4bc1a13,180/000276,XIV,2020-09-16,ParlaMint-ES_2020-09-16-CD200916,,GCs,#InésArrimadasGarcía,#PedroSánchezPérezCastejón,ParlaMint-ES_2020-09-16-CD200916,ParlaMint-ES_2020-09-16-CD200916.u20,ParlaMint-ES_2020-09-16-CD200916.u22,ParlaMint-ES_2020-09-16-CD200916.u26,ParlaMint-ES_2020-09-16-CD200916.u28,high_confidence,True,,False,,ParlaMint-ES-5.0
ex_a9da1ecd0edc661b,180/000280,XIV,2020-09-16,ParlaMint-ES_2020-09-16-CD200916,,GP,#PabloCasadoBlanco,#PedroSánchezPérezCastejón,ParlaMint-ES_2020-09-16-CD200916,ParlaMint-ES_2020-09-16-CD200916.u2,ParlaMint-ES_2020-09-16-CD200916.u4,ParlaMint-ES_2020-09-16-CD200916.u6,ParlaMint-ES_2020-09-16-CD200916.u8,exact,True,,False,,ParlaMint-ES-5.0
ex_dcbd607b0a43979b,,XIV,2020-09-16,ParlaMint-ES_2020-09-16-CD200916,,,#LauraBorràsCastanyer,#PedroSánchezPérezCastejón,ParlaMint-ES_2020-09-16-CD200916,ParlaMint-ES_2020-09-16-CD200916.u12,ParlaMint-ES_2020-09-16-CD200916.u14,ParlaMint-ES_2020-09-16-CD200916.u16,ParlaMint-ES_2020-09-16-CD200916.u18,unlinked,False,tei_expediente_name_mismatch,False,,ParlaMint-ES-5.0
ex_3298fcbde011419e,180/000290,XIV,2020-09-30,ParlaMint-ES_2020-09-30-CD200930,DSCD-14-PL-49,,#AitorEstebanBravo,#PedroSánchezPérezCastejón,ParlaMint-ES_2020-09-30-CD200930,ParlaMint-ES_2020-09-30-CD200930.u7,ParlaMint-ES_2020-09-30-CD200930.u9,ParlaMint-ES_2020-09-30-CD200930.u11,ParlaMint-ES_2020-09-30-CD200930.u13,exact,True,,True,linkage_QA,ParlaMint-ES-5.0
ex_c66b9b55b6bc7d59,,XIV,2020-09-30,ParlaMint-ES_2020-09-30-CD200930,,,#MertxeAizpuruaArzallus,#PedroSánchezPérezCastejón,ParlaMint-ES_2020-09-30-CD200930,ParlaMint-ES_2020-09-30-CD200930.u15,ParlaMint-ES_2020-09-30-CD200930.u17,ParlaMint-ES_2020-09-30-CD200930.u19,,unlinked,False,no_congreso_name_match,False,,ParlaMint-ES-5.0
ex_e78a196894cfe766,,XIV,2020-09-30,ParlaMint-ES_2020-09-30-CD200930,,,#PabloCasadoBlanco,#PedroSánchezPérezCastejón,ParlaMint-ES_2020-09-30-CD200930,ParlaMint-ES_2020-09-30-CD200930.u2,ParlaMint-ES_2020-09-30-CD200930.u4,,,unlinked,False,no_congreso_name_match,False,,ParlaMint-ES-5.0
ex_7c1b6a94abbf7e01,180/000325,XIV,2020-10-14,ParlaMint-ES_2020-10-14-CD201014,DSCD-14-PL-52,GP,#PabloCasadoBlanco,#PedroSánchezPérezCastejón,ParlaMint-ES_2020-10-14-CD201014,ParlaMint-ES_2020-10-14-CD201014.u2,ParlaMint-ES_2020-10-14-CD201014.u4,ParlaMint-ES_2020-10-14-CD201014.u8,ParlaMint-ES_2020-10-14-CD201014.u10,exact,True,,False,,ParlaMint-ES-5.0
ex_5f297f8a7241a2ea,,XIV,2020-10-14,ParlaMint-ES_2020-10-14-CD201014,,,#MireiaVehíCantenys,#PedroSánchezPérezCastejón,ParlaMint-ES_2020-10-14-CD201014,ParlaMint-ES_2020-10-14-CD201014.u28,ParlaMint-ES_2020-10-14-CD201014.u30,ParlaMint-ES_2020-10-14-CD201014.u32,ParlaMint-ES_2020-10-14-CD201014.u34,unlinked,False,tei_expediente_name_mismatch,False,,ParlaMint-ES-5.0
ex_a9d3e6f666db3c89,,XIV,2020-10-14,ParlaMint-ES_2020-10-14-CD201014,,,#SantiagoAbascalConde,#PedroSánchezPérezCastejón,ParlaMint-ES_2020-10-14-CD201014,ParlaMint-ES_2020-10-14-CD201014.u14,ParlaMint-ES_2020-10-14-CD201014.u16,ParlaMint-ES_2020-10-14-CD201014.u22,ParlaMint-ES_2020-10-14-CD201014.u24,unlinked,False,no_congreso_name_match,False,,ParlaMint-ES-5.0
ex_71c22fcbcbffbd44,180/000347,XIV,2020-10-28,ParlaMint-ES_2020-10-28-CD201028,DSCD-14-PL-58,GP,#PabloCasadoBlanco,#PedroSánchezPérezCastejón,ParlaMint-ES_2020-10-28-CD201028,ParlaMint-ES_2020-10-28-CD201028.u2,ParlaMint-ES_2020-10-28-CD201028.u4,ParlaMint-ES_2020-10-28-CD201028.u8,ParlaMint-ES_2020-10-28-CD201028.u10,exact,True,,False,,ParlaMint-ES-5.0
ex_9041340f7617b255,,XIV,2020-10-28,ParlaMint-ES_2020-10-28-CD201028,,,#GabrielRufiánRomero,#PedroSánchezPérezCastejón,ParlaMint-ES_2020-10-28-CD201028,ParlaMint-ES_2020-10-28-CD201028.u14,ParlaMint-ES_2020-10-28-CD201028.u16,ParlaMint-ES_2020-10-28-CD201028.u18,ParlaMint-ES_2020-10-28-CD201028.u20,unlinked,False,tei_expediente_name_mismatch,False,,ParlaMint-ES-5.0
ex_e83b601d1cd302af,180/000362,XIV,2020-11-18,ParlaMint-ES_2020-11-18-CD201118,DSCD-14-PL-63,,#AitorEstebanBravo,#PedroSánchezPérezCastejón,ParlaMint-ES_2020-11-18-CD201118,ParlaMint-ES_2020-11-18-CD201118.u21,ParlaMint-ES_2020-11-18-CD201118.u23,ParlaMint-ES_2020-11-18-CD201118.u25,ParlaMint-ES_2020-11-18-CD201118.u27,exact,True,,True,linkage_QA,ParlaMint-ES-5.0
ex_84ffdded9136a6fb,180/000364,XIV,2020-11-18,ParlaMint-ES_2020-11-18-CD201118,DSCD-14-PL-63,GP,#PabloCasadoBlanco,#PedroSánchezPérezCastejón,ParlaMint-ES_2020-11-18-CD201118,ParlaMint-ES_2020-11-18-CD201118.u2,ParlaMint-ES_2020-11-18-CD201118.u4,ParlaMint-ES_2020-11-18-CD201118.u6,ParlaMint-ES_2020-11-18-CD201118.u8,exact,True,,False,,ParlaMint-ES-5.0
ex_897b71c6f5d5069e,,XIV,2020-11-18,ParlaMint-ES_2020-11-18-CD201118,,,#InésArrimadasGarcía,#PedroSánchezPérezCastejón,ParlaMint-ES_2020-11-18-CD201118,ParlaMint-ES_2020-11-18-CD201118.u12,ParlaMint-ES_2020-11-18-CD201118.u14,ParlaMint-ES_2020-11-18-CD201118.u16,ParlaMint-ES_2020-11-18-CD201118.u18,unlinked,False,no_congreso_name_match,False,,ParlaMint-ES-5.0
ex_8542a7ffada9ad10,180/000391,XIV,2021-02-03,ParlaMint-ES_2021-02-03-CD210203,DSCD-14-PL-76,GP,#PabloCasadoBlanco,#PedroSánchezPérezCastejón,ParlaMint-ES_2021-02-03-CD210203,ParlaMint-ES_2021-02-03-CD210203.u3,ParlaMint-ES_2021-02-03-CD210203.u5,ParlaMint-ES_2021-02-03-CD210203.u13,,exact,True,,True,linkage_QA,ParlaMint-ES-5.0
ex_0d82baf204bab6d6,,XIV,2021-02-03,ParlaMint-ES_2021-02-03-CD210203,,,#SantiagoAbascalConde,#PedroSánchezPérezCastejón,ParlaMint-ES_2021-02-03-CD210203,ParlaMint-ES_2021-02-03-CD210203.u19,ParlaMint-ES_2021-02-03-CD210203.u21,ParlaMint-ES_2021-02-03-CD210203.u23,,unlinked,False,no_congreso_name_match,False,,ParlaMint-ES-5.0
ex_a884650b4c087d9a,,XIV,2021-02-03,ParlaMint-ES_2021-02-03-CD210203,,,#GabrielRufiánRomero,#PedroSánchezPérezCastejón,ParlaMint-ES_2021-02-03-CD210203,ParlaMint-ES_2021-02-03-CD210203.u25,ParlaMint-ES_2021-02-03-CD210203.u27,ParlaMint-ES_2021-02-03-CD210203.u29,ParlaMint-ES_2021-02-03-CD210203.u31,unlinked,False,tei_expediente_name_mismatch,False,,ParlaMint-ES-5.0
ex_75ceca8f0eadd376,180/000409,XIV,2021-02-17,ParlaMint-ES_2021-02-17-CD210217,DSCD-14-PL-79,GP,#PabloCasadoBlanco,#PedroSánchezPérezCastejón,ParlaMint-ES_2021-02-17-CD210217,ParlaMint-ES_2021-02-17-CD210217.u2,ParlaMint-ES_2021-02-17-CD210217.u4,ParlaMint-ES_2021-02-17-CD210217.u6,ParlaMint-ES_2021-02-17-CD210217.u8,exact,True,,False,,ParlaMint-ES-5.0
ex_137782df2efefb66,,XIV,2021-02-17,ParlaMint-ES_2021-02-17-CD210217,,,#MíriamNoguerasiCamero,#PedroSánchezPérezCastejón,ParlaMint-ES_2021-02-17-CD210217,ParlaMint-ES_2021-02-17-CD210217.u14,ParlaMint-ES_2021-02-17-CD210217.u16,ParlaMint-ES_2021-02-17-CD210217.u18,ParlaMint-ES_2021-02-17-CD210217.u20,unlinked,False,tei_expediente_name_mismatch,False,,ParlaMint-ES-5.0
ex_597d25824b73a0ca,180/000419,XIV,2021-02-24,ParlaMint-ES_2021-02-24-CD210224,DSCD-14-PL-82,GEH Bildu,#OskarMatuteGarcíaDeJalón,#PedroSánchezPérezCastejón,ParlaMint-ES_2021-02-24-CD210224,ParlaMint-ES_2021-02-24-CD210224.u107,ParlaMint-ES_2021-02-24-CD210224.u109,ParlaMint-ES_2021-02-24-CD210224.u111,,high_confidence,True,,False,,ParlaMint-ES-5.0
ex_bda61f971dce44ca,180/000420,XIV,2021-02-24,ParlaMint-ES_2021-02-24-CD210224,DSCD-14-PL-82,,#AitorEstebanBravo,#PedroSánchezPérezCastejón,ParlaMint-ES_2021-02-24-CD210224,ParlaMint-ES_2021-02-24-CD210224.u99,ParlaMint-ES_2021-02-24-CD210224.u101,ParlaMint-ES_2021-02-24-CD210224.u103,ParlaMint-ES_2021-02-24-CD210224.u105,high_confidence,True,,False,,ParlaMint-ES-5.0
ex_4a8835b683e43e7c,180/000424,XIV,2021-02-24,ParlaMint-ES_2021-02-24-CD210224,DSCD-14-PL-82,GP,#PabloCasadoBlanco,#PedroSánchezPérezCastejón,ParlaMint-ES_2021-02-24-CD210224,ParlaMint-ES_2021-02-24-CD210224.u91,ParlaMint-ES_2021-02-24-CD210224.u93,ParlaMint-ES_2021-02-24-CD210224.u95,ParlaMint-ES_2021-02-24-CD210224.u97,high_confidence,True,,False,,ParlaMint-ES-5.0
ex_6b6e4c2367219021,180/000434,XIV,2021-03-10,ParlaMint-ES_2021-03-10-CD210310,DSCD-14-PL-85,GMx,#SergioSayasLópez,#PedroSánchezPérezCastejón,ParlaMint-ES_2021-03-10-CD210310,ParlaMint-ES_2021-03-10-CD210310.u17,ParlaMint-ES_2021-03-10-CD210310.u19,ParlaMint-ES_2021-03-10-CD210310.u21,ParlaMint-ES_2021-03-10-CD210310.u23,exact,True,,True,linkage_QA,ParlaMint-ES-5.0
ex_a8edb65808c95f58,180/000437,XIV,2021-03-10,ParlaMint-ES_2021-03-10-CD210310,DSCD-14-PL-85,GP,#PabloCasadoBlanco,#PedroSánchezPérezCastejón,ParlaMint-ES_2021-03-10-CD210310,ParlaMint-ES_2021-03-10-CD210310.u2,ParlaMint-ES_2021-03-10-CD210310.u4,ParlaMint-ES_2021-03-10-CD210310.u6,,exact,True,,True,linkage_QA,ParlaMint-ES-5.0
ex_14f9ea5b9189c802,,XIV,2021-03-10,ParlaMint-ES_2021-03-10-CD210310,,,#SantiagoAbascalConde,#PedroSánchezPérezCastejón,ParlaMint-ES_2021-03-10-CD210310,ParlaMint-ES_2021-03-10-CD210310.u8,ParlaMint-ES_2021-03-10-CD210310.u10,ParlaMint-ES_2021-03-10-CD210310.u12,ParlaMint-ES_2021-03-10-CD210310.u14,unlinked,False,no_congreso_name_match,False,,ParlaMint-ES-5.0
ex_bc5f9fdd0ca1b523,180/000447,XIV,2021-03-17,ParlaMint-ES_2021-03-17-CD210317,DSCD-14-PL-88,GPlu,#ÍñigoErrejónGalván,#PedroSánchezPérezCastejón,ParlaMint-ES_2021-03-17-CD210317,ParlaMint-ES_2021-03-17-CD210317.u22,ParlaMint-ES_2021-03-17-CD210317.u24,ParlaMint-ES_2021-03-17-CD210317.u26,ParlaMint-ES_2021-03-17-CD210317.u28,high_confidence,True,,False,,ParlaMint-ES-5.0
ex_c6bc6c165ee2eace,180/000449,XIV,2021-03-17,ParlaMint-ES_2021-03-17-CD210317,DSCD-14-PL-88,GR,#GabrielRufiánRomero,#PedroSánchezPérezCastejón,ParlaMint-ES_2021-03-17-CD210317,ParlaMint-ES_2021-03-17-CD210317.u10,ParlaMint-ES_2021-03-17-CD210317.u12,ParlaMint-ES_2021-03-17-CD210317.u14,ParlaMint-ES_2021-03-17-CD210317.u20,high_confidence,True,,True,linkage_QA,ParlaMint-ES-5.0
ex_0289c2fd48456dae,,XIV,2021-03-17,ParlaMint-ES_2021-03-17-CD210317,,,#PabloCasadoBlanco,#PedroSánchezPérezCastejón,ParlaMint-ES_2021-03-17-CD210317,ParlaMint-ES_2021-03-17-CD210317.u2,ParlaMint-ES_2021-03-17-CD210317.u4,ParlaMint-ES_2021-03-17-CD210317.u6,ParlaMint-ES_2021-03-17-CD210317.u8,unlinked,False,tei_expediente_name_mismatch,False,,ParlaMint-ES-5.0
ex_053de423e4463313,180/000477,XIV,2021-03-24,ParlaMint-ES_2021-03-24-CD210324,,,#InésArrimadasGarcía,#PedroSánchezPérezCastejón,ParlaMint-ES_2021-03-24-CD210324,ParlaMint-ES_2021-03-24-CD210324.u10,ParlaMint-ES_2021-03-24-CD210324.u12,ParlaMint-ES_2021-03-24-CD210324.u14,ParlaMint-ES_2021-03-24-CD210324.u16,ambiguous,False,multiple_same_questioner_on_date,False,,ParlaMint-ES-5.0
ex_b9093cecb50791b7,180/000477,XIV,2021-03-24,ParlaMint-ES_2021-03-24-CD210324,DSCD-14-PL-91,,#AitorEstebanBravo,#PedroSánchezPérezCastejón,ParlaMint-ES_2021-03-24-CD210324,ParlaMint-ES_2021-03-24-CD210324.u18,ParlaMint-ES_2021-03-24-CD210324.u20,ParlaMint-ES_2021-03-24-CD210324.u22,ParlaMint-ES_2021-03-24-CD210324.u24,high_confidence,True,,False,,ParlaMint-ES-5.0
ex_b9616a59f9852578,,XIV,2021-03-24,ParlaMint-ES_2021-03-24-CD210324,,,#PabloCasadoBlanco,#PedroSánchezPérezCastejón,ParlaMint-ES_2021-03-24-CD210324,ParlaMint-ES_2021-03-24-CD210324.u2,ParlaMint-ES_2021-03-24-CD210324.u4,ParlaMint-ES_2021-03-24-CD210324.u6,ParlaMint-ES_2021-03-24-CD210324.u8,unlinked,False,tei_expediente_name_mismatch,False,,ParlaMint-ES-5.0
ex_ab21f5ad9f9d2bdf,180/000517,XIV,2021-05-12,ParlaMint-ES_2021-05-12-CD210512,DSCD-14-PL-100,GP,#PabloCasadoBlanco,#PedroSánchezPérezCastejón,ParlaMint-ES_2021-05-12-CD210512,ParlaMint-ES_2021-05-12-CD210512.u2,ParlaMint-ES_2021-05-12-CD210512.u4,ParlaMint-ES_2021-05-12-CD210512.u6,ParlaMint-ES_2021-05-12-CD210512.u8,exact,True,,False,,ParlaMint-ES-5.0
ex_f893bdaab9738023,180/000523,XIV,2021-05-12,ParlaMint-ES_2021-05-12-CD210512,DSCD-14-PL-100,GVOX,#SantiagoAbascalConde,#PedroSánchezPérezCastejón,ParlaMint-ES_2021-05-12-CD210512,ParlaMint-ES_2021-05-12-CD210512.u11,ParlaMint-ES_2021-05-12-CD210512.u13,ParlaMint-ES_2021-05-12-CD210512.u15,ParlaMint-ES_2021-05-12-CD210512.u17,exact,True,,False,,ParlaMint-ES-5.0
ex_0a62f7310bbfb634,,XIV,2021-05-12,ParlaMint-ES_2021-05-12-CD210512,,,#GabrielRufiánRomero,#PedroSánchezPérezCastejón,ParlaMint-ES_2021-05-12-CD210512,ParlaMint-ES_2021-05-12-CD210512.u19,ParlaMint-ES_2021-05-12-CD210512.u21,ParlaMint-ES_2021-05-12-CD210512.u23,ParlaMint-ES_2021-05-12-CD210512.u25,unlinked,False,tei_expediente_name_mismatch,False,,ParlaMint-ES-5.0
ex_46f5cc94f4f2468c,180/000527,XIV,2021-05-19,ParlaMint-ES_2021-05-19-CD210519,DSCD-14-PL-103,GPlu,#MíriamNoguerasiCamero,#PedroSánchezPérezCastejón,ParlaMint-ES_2021-05-19-CD210519,ParlaMint-ES_2021-05-19-CD210519.u12,ParlaMint-ES_2021-05-19-CD210519.u14,ParlaMint-ES_2021-05-19-CD210519.u16,ParlaMint-ES_2021-05-19-CD210519.u18,high_confidence,True,,False,,ParlaMint-ES-5.0
ex_b31f29f99171d633,180/000543,XIV,2021-05-19,ParlaMint-ES_2021-05-19-CD210519,DSCD-14-PL-103,GCs,#InésArrimadasGarcía,#PedroSánchezPérezCastejón,ParlaMint-ES_2021-05-19-CD210519,ParlaMint-ES_2021-05-19-CD210519.u20,ParlaMint-ES_2021-05-19-CD210519.u22,ParlaMint-ES_2021-05-19-CD210519.u24,,high_confidence,True,,False,,ParlaMint-ES-5.0
ex_c2685ace0bdf22bc,,XIV,2021-05-19,ParlaMint-ES_2021-05-19-CD210519,,,#PabloCasadoBlanco,#PedroSánchezPérezCastejón,ParlaMint-ES_2021-05-19-CD210519,ParlaMint-ES_2021-05-19-CD210519.u2,ParlaMint-ES_2021-05-19-CD210519.u4,ParlaMint-ES_2021-05-19-CD210519.u8,ParlaMint-ES_2021-05-19-CD210519.u10,unlinked,False,tei_expediente_name_mismatch,False,,ParlaMint-ES-5.0
ex_21562e1493491573,180/000546,XIV,2021-05-26,ParlaMint-ES_2021-05-26-CD210526,DSCD-14-PL-106,GEH Bildu,#MertxeAizpuruaArzallus,#PedroSánchezPérezCastejón,ParlaMint-ES_2021-05-26-CD210526,ParlaMint-ES_2021-05-26-CD210526.u22,ParlaMint-ES_2021-05-26-CD210526.u24,ParlaMint-ES_2021-05-26-CD210526.u26,ParlaMint-ES_2021-05-26-CD210526.u28,high_confidence,True,,False,,ParlaMint-ES-5.0
ex_b979a02ef0ff3630,180/000547,XIV,2021-05-26,ParlaMint-ES_2021-05-26-CD210526,DSCD-14-PL-106,,#AitorEstebanBravo,#PedroSánchezPérezCastejón,ParlaMint-ES_2021-05-26-CD210526,ParlaMint-ES_2021-05-26-CD210526.u14,ParlaMint-ES_2021-05-26-CD210526.u16,ParlaMint-ES_2021-05-26-CD210526.u18,ParlaMint-ES_2021-05-26-CD210526.u20,high_confidence,True,,True,linkage_QA,ParlaMint-ES-5.0
ex_4362da1c4bd92d79,,XIV,2021-05-26,ParlaMint-ES_2021-05-26-CD210526,,,#PabloCasadoBlanco,#PedroSánchezPérezCastejón,ParlaMint-ES_2021-05-26-CD210526,ParlaMint-ES_2021-05-26-CD210526.u2,ParlaMint-ES_2021-05-26-CD210526.u4,ParlaMint-ES_2021-05-26-CD210526.u10,ParlaMint-ES_2021-05-26-CD210526.u12,unlinked,False,tei_expediente_name_mismatch,False,,ParlaMint-ES-5.0
ex_4f139ee5d7c32218,,XIV,2021-06-16,ParlaMint-ES_2021-06-16-CD210616,,,#JoséMaríaMazónRamos,#PedroSánchezPérezCastejón,ParlaMint-ES_2021-06-16-CD210616,ParlaMint-ES_2021-06-16-CD210616.u18,ParlaMint-ES_2021-06-16-CD210616.u20,ParlaMint-ES_2021-06-16-CD210616.u22,ParlaMint-ES_2021-06-16-CD210616.u24,unlinked,False,tei_expediente_name_mismatch,False,,ParlaMint-ES-5.0
ex_e7fb3fc22cc46d94,,XIV,2021-06-16,ParlaMint-ES_2021-06-16-CD210616,,,#PabloCasadoBlanco,#PedroSánchezPérezCastejón,ParlaMint-ES_2021-06-16-CD210616,ParlaMint-ES_2021-06-16-CD210616.u2,ParlaMint-ES_2021-06-16-CD210616.u4,ParlaMint-ES_2021-06-16-CD210616.u6,ParlaMint-ES_2021-06-16-CD210616.u8,unlinked,False,tei_expediente_name_mismatch,False,,ParlaMint-ES-5.0
ex_a3d6d6d5ae587aef,180/000601,XIV,2021-06-23,ParlaMint-ES_2021-06-23-CD210623,DSCD-14-PL-114,GP,#PabloCasadoBlanco,#PedroSánchezPérezCastejón,ParlaMint-ES_2021-06-23-CD210623,ParlaMint-ES_2021-06-23-CD210623.u2,ParlaMint-ES_2021-06-23-CD210623.u4,ParlaMint-ES_2021-06-23-CD210623.u8,,exact,True,,False,,ParlaMint-ES-5.0
ex_4d058f293b86a9d7,,XIV,2021-06-23,ParlaMint-ES_2021-06-23-CD210623,,,#GabrielRufiánRomero,#PedroSánchezPérezCastejón,ParlaMint-ES_2021-06-23-CD210623,ParlaMint-ES_2021-06-23-CD210623.u12,ParlaMint-ES_2021-06-23-CD210623.u14,ParlaMint-ES_2021-06-23-CD210623.u16,ParlaMint-ES_2021-06-23-CD210623.u20,unlinked,False,no_congreso_name_match,False,,ParlaMint-ES-5.0
ex_82b076e141041094,180/000614,XIV,2021-09-15,ParlaMint-ES_2021-09-15-CD210915,DSCD-14-PL-122,GR,#GabrielRufiánRomero,#PedroSánchezPérezCastejón,ParlaMint-ES_2021-09-15-CD210915,ParlaMint-ES_2021-09-15-CD210915.u16,ParlaMint-ES_2021-09-15-CD210915.u18,ParlaMint-ES_2021-09-15-CD210915.u20,ParlaMint-ES_2021-09-15-CD210915.u22,high_confidence,True,,True,linkage_QA,ParlaMint-ES-5.0
ex_fe281569120551aa,180/000621,XIV,2021-09-15,ParlaMint-ES_2021-09-15-CD210915,DSCD-14-PL-122,GP,#PabloCasadoBlanco,#PedroSánchezPérezCastejón,ParlaMint-ES_2021-09-15-CD210915,ParlaMint-ES_2021-09-15-CD210915.u2,ParlaMint-ES_2021-09-15-CD210915.u4,ParlaMint-ES_2021-09-15-CD210915.u6,ParlaMint-ES_2021-09-15-CD210915.u8,exact,True,,True,linkage_QA,ParlaMint-ES-5.0
ex_ff861b6542ee800c,,XIV,2021-09-15,ParlaMint-ES_2021-09-15-CD210915,,,#SantiagoAbascalConde,#PedroSánchezPérezCastejón,ParlaMint-ES_2021-09-15-CD210915,ParlaMint-ES_2021-09-15-CD210915.u12,ParlaMint-ES_2021-09-15-CD210915.u14,,,unlinked,False,tei_expediente_name_mismatch,False,,ParlaMint-ES-5.0
ex_ae5c8e51dc20987b,180/000631,XIV,2021-09-29,ParlaMint-ES_2021-09-29-CD210929,DSCD-14-PL-124,GCs,#InésArrimadasGarcía,#PedroSánchezPérezCastejón,ParlaMint-ES_2021-09-29-CD210929,ParlaMint-ES_2021-09-29-CD210929.u20,ParlaMint-ES_2021-09-29-CD210929.u22,ParlaMint-ES_2021-09-29-CD210929.u24,ParlaMint-ES_2021-09-29-CD210929.u26,exact,True,,False,,ParlaMint-ES-5.0
ex_00f98421791b3694,180/000644,XIV,2021-09-29,ParlaMint-ES_2021-09-29-CD210929,,GPlu,#MíriamNoguerasiCamero,#PedroSánchezPérezCastejón,ParlaMint-ES_2021-09-29-CD210929,ParlaMint-ES_2021-09-29-CD210929.u12,ParlaMint-ES_2021-09-29-CD210929.u14,ParlaMint-ES_2021-09-29-CD210929.u16,ParlaMint-ES_2021-09-29-CD210929.u18,high_confidence,True,,False,,ParlaMint-ES-5.0
ex_5879f3e138bebc05,180/000652,XIV,2021-09-29,ParlaMint-ES_2021-09-29-CD210929,DSCD-14-PL-127,GP,#PabloCasadoBlanco,#PedroSánchezPérezCastejón,ParlaMint-ES_2021-09-29-CD210929,ParlaMint-ES_2021-09-29-CD210929.u2,ParlaMint-ES_2021-09-29-CD210929.u4,ParlaMint-ES_2021-09-29-CD210929.u6,ParlaMint-ES_2021-09-29-CD210929.u8,exact,True,,False,,ParlaMint-ES-5.0
ex_84d06bd92b9086f0,180/000664,XIV,2021-10-13,ParlaMint-ES_2021-10-13-CD211013,DSCD-14-PL-129,GP,#PabloCasadoBlanco,#PedroSánchezPérezCastejón,ParlaMint-ES_2021-10-13-CD211013,ParlaMint-ES_2021-10-13-CD211013.u6,ParlaMint-ES_2021-10-13-CD211013.u8,ParlaMint-ES_2021-10-13-CD211013.u10,ParlaMint-ES_2021-10-13-CD211013.u14,exact,True,,False,,ParlaMint-ES-5.0
ex_8a4d530cc4286bba,180/000674,XIV,2021-10-13,ParlaMint-ES_2021-10-13-CD211013,DSCD-14-PL-129,,#AitorEstebanBravo,#PedroSánchezPérezCastejón,ParlaMint-ES_2021-10-13-CD211013,ParlaMint-ES_2021-10-13-CD211013.u17,ParlaMint-ES_2021-10-13-CD211013.u19,ParlaMint-ES_2021-10-13-CD211013.u21,,exact,True,,False,,ParlaMint-ES-5.0
ex_941621823a890ad2,,XIV,2021-10-13,ParlaMint-ES_2021-10-13-CD211013,,,#MertxeAizpuruaArzallus,#PedroSánchezPérezCastejón,ParlaMint-ES_2021-10-13-CD211013,ParlaMint-ES_2021-10-13-CD211013.u23,ParlaMint-ES_2021-10-13-CD211013.u25,ParlaMint-ES_2021-10-13-CD211013.u27,ParlaMint-ES_2021-10-13-CD211013.u29,unlinked,False,tei_expediente_name_mismatch,False,,ParlaMint-ES-5.0
ex_f902d62c615b2ed7,180/000681,XIV,2021-10-20,ParlaMint-ES_2021-10-20-CD211020,DSCD-14-PL-132,GVOX,#SantiagoAbascalConde,#PedroSánchezPérezCastejón,ParlaMint-ES_2021-10-20-CD211020,ParlaMint-ES_2021-10-20-CD211020.u10,ParlaMint-ES_2021-10-20-CD211020.u12,ParlaMint-ES_2021-10-20-CD211020.u14,,high_confidence,True,,True,linkage_QA,ParlaMint-ES-5.0
ex_cdd49a4b654a2157,,XIV,2021-10-20,ParlaMint-ES_2021-10-20-CD211020,,,#PabloCasadoBlanco,#PedroSánchezPérezCastejón,ParlaMint-ES_2021-10-20-CD211020,ParlaMint-ES_2021-10-20-CD211020.u2,ParlaMint-ES_2021-10-20-CD211020.u4,ParlaMint-ES_2021-10-20-CD211020.u6,ParlaMint-ES_2021-10-20-CD211020.u8,unlinked,False,tei_expediente_name_mismatch,False,,ParlaMint-ES-5.0
ex_fcebb7b2ad30ede5,,XIV,2021-10-20,ParlaMint-ES_2021-10-20-CD211020,,,#TomásGuitarteGimeno,#PedroSánchezPérezCastejón,ParlaMint-ES_2021-10-20-CD211020,ParlaMint-ES_2021-10-20-CD211020.u18,ParlaMint-ES_2021-10-20-CD211020.u20,ParlaMint-ES_2021-10-20-CD211020.u22,ParlaMint-ES_2021-10-20-CD211020.u24,unlinked,False,tei_expediente_name_mismatch,False,,ParlaMint-ES-5.0
ex_f59e9994f6b1536a,180/000726,XIV,2021-12-15,ParlaMint-ES_2021-12-15-CD211215,DSCD-14-PL-146,,#AitorEstebanBravo,#PedroSánchezPérezCastejón,ParlaMint-ES_2021-12-15-CD211215,ParlaMint-ES_2021-12-15-CD211215.u21,ParlaMint-ES_2021-12-15-CD211215.u23,ParlaMint-ES_2021-12-15-CD211215.u25,ParlaMint-ES_2021-12-15-CD211215.u27,exact,True,,True,linkage_QA,ParlaMint-ES-5.0
ex_692f2d52708604bd,180/000740,XIV,2021-12-22,ParlaMint-ES_2021-12-22-CD211222,DSCD-14-PL-149,GMx,#MireiaVehíCantenys,#PedroSánchezPérezCastejón,ParlaMint-ES_2021-12-22-CD211222,ParlaMint-ES_2021-12-22-CD211222.u18,ParlaMint-ES_2021-12-22-CD211222.u20,ParlaMint-ES_2021-12-22-CD211222.u22,ParlaMint-ES_2021-12-22-CD211222.u24,high_confidence,True,,False,,ParlaMint-ES-5.0
ex_69b6aec54164ec84,180/000747,XIV,2021-12-22,ParlaMint-ES_2021-12-22-CD211222,DSCD-14-PL-149,GEH Bildu,#MertxeAizpuruaArzallus,#PedroSánchezPérezCastejón,ParlaMint-ES_2021-12-22-CD211222,ParlaMint-ES_2021-12-22-CD211222.u10,ParlaMint-ES_2021-12-22-CD211222.u12,ParlaMint-ES_2021-12-22-CD211222.u14,ParlaMint-ES_2021-12-22-CD211222.u16,high_confidence,True,,False,,ParlaMint-ES-5.0
ex_78952d756bc07a69,,XIV,2021-12-22,ParlaMint-ES_2021-12-22-CD211222,,,#PabloCasadoBlanco,#PedroSánchezPérezCastejón,ParlaMint-ES_2021-12-22-CD211222,ParlaMint-ES_2021-12-22-CD211222.u2,ParlaMint-ES_2021-12-22-CD211222.u4,ParlaMint-ES_2021-12-22-CD211222.u6,ParlaMint-ES_2021-12-22-CD211222.u8,unlinked,False,tei_expediente_name_mismatch,False,,ParlaMint-ES-5.0
ex_927ec16dc91e938e,180/000783,XIV,2022-02-16,ParlaMint-ES_2022-02-16-CD220216,DSCD-14-PL-158,GVOX,#SantiagoAbascalConde,#PedroSánchezPérezCastejón,ParlaMint-ES_2022-02-16-CD220216,ParlaMint-ES_2022-02-16-CD220216.u16,ParlaMint-ES_2022-02-16-CD220216.u18,ParlaMint-ES_2022-02-16-CD220216.u20,,exact,True,,False,,ParlaMint-ES-5.0
ex_402b766c3e7aced0,180/000786,XIV,2022-02-16,ParlaMint-ES_2022-02-16-CD220216,DSCD-14-PL-158,GP,#PabloCasadoBlanco,#PedroSánchezPérezCastejón,ParlaMint-ES_2022-02-16-CD220216,ParlaMint-ES_2022-02-16-CD220216.u3,ParlaMint-ES_2022-02-16-CD220216.u5,ParlaMint-ES_2022-02-16-CD220216.u7,ParlaMint-ES_2022-02-16-CD220216.u9,exact,True,,True,linkage_QA,ParlaMint-ES-5.0
ex_eab5df320395087a,,XIV,2022-02-16,ParlaMint-ES_2022-02-16-CD220216,,,#GabrielRufiánRomero,#PedroSánchezPérezCastejón,ParlaMint-ES_2022-02-16-CD220216,ParlaMint-ES_2022-02-16-CD220216.u22,ParlaMint-ES_2022-02-16-CD220216.u24,ParlaMint-ES_2022-02-16-CD220216.u26,ParlaMint-ES_2022-02-16-CD220216.u28,unlinked,False,no_congreso_name_match,False,,ParlaMint-ES-5.0
ex_2948cbd15ebbb5bb,180/000795,XIV,2022-02-23,ParlaMint-ES_2022-02-23-CD220223,DSCD-14-PL-161,GPlu,#MíriamNoguerasiCamero,#PedroSánchezPérezCastejón,ParlaMint-ES_2022-02-23-CD220223,ParlaMint-ES_2022-02-23-CD220223.u6,ParlaMint-ES_2022-02-23-CD220223.u8,ParlaMint-ES_2022-02-23-CD220223.u10,ParlaMint-ES_2022-02-23-CD220223.u12,high_confidence,True,,False,,ParlaMint-ES-5.0
ex_2e0d287849e940e0,180/000801,XIV,2022-02-23,ParlaMint-ES_2022-02-23-CD220223,DSCD-14-PL-161,GCs,#InésArrimadasGarcía,#PedroSánchezPérezCastejón,ParlaMint-ES_2022-02-23-CD220223,ParlaMint-ES_2022-02-23-CD220223.u14,ParlaMint-ES_2022-02-23-CD220223.u16,ParlaMint-ES_2022-02-23-CD220223.u18,,high_confidence,True,,False,,ParlaMint-ES-5.0
ex_86527aaecffad9c5,180/000802,XIV,2022-02-23,ParlaMint-ES_2022-02-23-CD220223,DSCD-14-PL-161,GP,#PabloCasadoBlanco,#PedroSánchezPérezCastejón,ParlaMint-ES_2022-02-23-CD220223,ParlaMint-ES_2022-02-23-CD220223.u2,ParlaMint-ES_2022-02-23-CD220223.u4,,,high_confidence,True,,False,,ParlaMint-ES-5.0
ex_1107dbc910914ab5,180/000814,XIV,2022-03-09,ParlaMint-ES_2022-03-09-CD220309,DSCD-14-PL-165,,#AitorEstebanBravo,#PedroSánchezPérezCastejón,ParlaMint-ES_2022-03-09-CD220309,ParlaMint-ES_2022-03-09-CD220309.u14,ParlaMint-ES_2022-03-09-CD220309.u16,ParlaMint-ES_2022-03-09-CD220309.u18,ParlaMint-ES_2022-03-09-CD220309.u20,high_confidence,True,,False,,ParlaMint-ES-5.0
ex_6c3c799eff600ca8,180/000818,XIV,2022-03-09,ParlaMint-ES_2022-03-09-CD220309,DSCD-14-PL-165,GP,#ConcepciónGamarraRuizClavijo,#PedroSánchezPérezCastejón,ParlaMint-ES_2022-03-09-CD220309,ParlaMint-ES_2022-03-09-CD220309.u2,ParlaMint-ES_2022-03-09-CD220309.u4,ParlaMint-ES_2022-03-09-CD220309.u8,ParlaMint-ES_2022-03-09-CD220309.u12,high_confidence,True,,True,linkage_QA,ParlaMint-ES-5.0
ex_3d17c17e5c765246,180/000824,XIV,2022-03-09,ParlaMint-ES_2022-03-09-CD220309,DSCD-14-PL-165,GEH Bildu,#MertxeAizpuruaArzallus,#PedroSánchezPérezCastejón,ParlaMint-ES_2022-03-09-CD220309,ParlaMint-ES_2022-03-09-CD220309.u22,ParlaMint-ES_2022-03-09-CD220309.u24,ParlaMint-ES_2022-03-09-CD220309.u26,,high_confidence,True,,False,,ParlaMint-ES-5.0
ex_234ade6e9371edd5,180/000826,XIV,2022-03-16,ParlaMint-ES_2022-03-16-CD220316,DSCD-14-PL-168,GMx,#AnaMaríaOramasGonzálezMoro,#PedroSánchezPérezCastejón,ParlaMint-ES_2022-03-16-CD220316,ParlaMint-ES_2022-03-16-CD220316.u16,ParlaMint-ES_2022-03-16-CD220316.u18,ParlaMint-ES_2022-03-16-CD220316.u20,,exact,True,,False,,ParlaMint-ES-5.0
ex_84d2d973294afebb,180/000832,XIV,2022-03-16,ParlaMint-ES_2022-03-16-CD220316,DSCD-14-PL-168,GP,#ConcepciónGamarraRuizClavijo,#PedroSánchezPérezCastejón,ParlaMint-ES_2022-03-16-CD220316,ParlaMint-ES_2022-03-16-CD220316.u2,ParlaMint-ES_2022-03-16-CD220316.u4,ParlaMint-ES_2022-03-16-CD220316.u6,ParlaMint-ES_2022-03-16-CD220316.u8,exact,True,,True,linkage_QA,ParlaMint-ES-5.0
ex_39be486651b8be29,180/000838,XIV,2022-03-16,ParlaMint-ES_2022-03-16-CD220316,DSCD-14-PL-168,GVOX,#SantiagoAbascalConde,#PedroSánchezPérezCastejón,ParlaMint-ES_2022-03-16-CD220316,ParlaMint-ES_2022-03-16-CD220316.u11,ParlaMint-ES_2022-03-16-CD220316.u13,,,exact,True,,True,linkage_QA,ParlaMint-ES-5.0
ex_6673437849666537,180/000842,XIV,2022-03-23,ParlaMint-ES_2022-03-23-CD220323,DSCD-14-PL-171,GPlu,#ÍñigoErrejónGalván,#PedroSánchezPérezCastejón,ParlaMint-ES_2022-03-23-CD220323,ParlaMint-ES_2022-03-23-CD220323.u28,ParlaMint-ES_2022-03-23-CD220323.u30,ParlaMint-ES_2022-03-23-CD220323.u32,ParlaMint-ES_2022-03-23-CD220323.u34,exact,True,,False,,ParlaMint-ES-5.0
ex_e5e234858537695f,180/000843,XIV,2022-03-23,ParlaMint-ES_2022-03-23-CD220323,DSCD-14-PL-171,GR,#GabrielRufiánRomero,#PedroSánchezPérezCastejón,ParlaMint-ES_2022-03-23-CD220323,ParlaMint-ES_2022-03-23-CD220323.u15,ParlaMint-ES_2022-03-23-CD220323.u17,ParlaMint-ES_2022-03-23-CD220323.u19,ParlaMint-ES_2022-03-23-CD220323.u25,exact,True,,False,,ParlaMint-ES-5.0
ex_262e849427c6f55d,180/000851,XIV,2022-03-23,ParlaMint-ES_2022-03-23-CD220323,DSCD-14-PL-171,GP,#ConcepciónGamarraRuizClavijo,#PedroSánchezPérezCastejón,ParlaMint-ES_2022-03-23-CD220323,ParlaMint-ES_2022-03-23-CD220323.u2,ParlaMint-ES_2022-03-23-CD220323.u4,ParlaMint-ES_2022-03-23-CD220323.u8,ParlaMint-ES_2022-03-23-CD220323.u10,exact,True,,False,,ParlaMint-ES-5.0
ex_06c10ff025570ae3,180/000860,XIV,2022-03-30,ParlaMint-ES_2022-03-30-CD220330,DSCD-14-PL-174,GCs,#GuillermoDíazGómez,#PedroSánchezPérezCastejón,ParlaMint-ES_2022-03-30-CD220330,ParlaMint-ES_2022-03-30-CD220330.u107,ParlaMint-ES_2022-03-30-CD220330.u109,ParlaMint-ES_2022-03-30-CD220330.u111,ParlaMint-ES_2022-03-30-CD220330.u115,high_confidence,True,,False,,ParlaMint-ES-5.0
ex_0b9dd6340a4d2e4d,180/000865,XIV,2022-03-30,ParlaMint-ES_2022-03-30-CD220330,DSCD-14-PL-174,GP,#ConcepciónGamarraRuizClavijo,#PedroSánchezPérezCastejón,ParlaMint-ES_2022-03-30-CD220330,ParlaMint-ES_2022-03-30-CD220330.u99,ParlaMint-ES_2022-03-30-CD220330.u101,ParlaMint-ES_2022-03-30-CD220330.u103,ParlaMint-ES_2022-03-30-CD220330.u105,high_confidence,True,,False,,ParlaMint-ES-5.0
ex_adfbc69f3e94d6c1,180/000871,XIV,2022-03-30,ParlaMint-ES_2022-03-30-CD220330,DSCD-14-PL-174,,#AitorEstebanBravo,#PedroSánchezPérezCastejón,ParlaMint-ES_2022-03-30-CD220330,ParlaMint-ES_2022-03-30-CD220330.u117,ParlaMint-ES_2022-03-30-CD220330.u119,ParlaMint-ES_2022-03-30-CD220330.u121,ParlaMint-ES_2022-03-30-CD220330.u123,high_confidence,True,,False,,ParlaMint-ES-5.0
ex_9f0b7e19e18dfea4,180/001002,XIV,2022-09-14,ParlaMint-ES_2022-09-14-CD220914,DSCD-14-PL-206,GR,#GabrielRufiánRomero,#PedroSánchezPérezCastejón,ParlaMint-ES_2022-09-14-CD220914,ParlaMint-ES_2022-09-14-CD220914.u18,ParlaMint-ES_2022-09-14-CD220914.u20,ParlaMint-ES_2022-09-14-CD220914.u22,,high_confidence,True,,False,,ParlaMint-ES-5.0
ex_a61d471a7d1dfa6d,180/001010,XIV,2022-09-14,ParlaMint-ES_2022-09-14-CD220914,DSCD-14-PL-206,GVOX,#SantiagoAbascalConde,#PedroSánchezPérezCastejón,ParlaMint-ES_2022-09-14-CD220914,ParlaMint-ES_2022-09-14-CD220914.u10,ParlaMint-ES_2022-09-14-CD220914.u12,ParlaMint-ES_2022-09-14-CD220914.u14,ParlaMint-ES_2022-09-14-CD220914.u16,high_confidence,True,,True,linkage_QA,ParlaMint-ES-5.0
ex_3dad0be9842371e3,180/001011,XIV,2022-09-14,ParlaMint-ES_2022-09-14-CD220914,DSCD-14-PL-206,GP,#ConcepciónGamarraRuizClavijo,#PedroSánchezPérezCastejón,ParlaMint-ES_2022-09-14-CD220914,ParlaMint-ES_2022-09-14-CD220914.u2,ParlaMint-ES_2022-09-14-CD220914.u4,ParlaMint-ES_2022-09-14-CD220914.u6,ParlaMint-ES_2022-09-14-CD220914.u8,high_confidence,True,,False,,ParlaMint-ES-5.0
ex_f1c2a6628707d77d,180/001053,XIV,2022-10-05,ParlaMint-ES_2022-10-05-CD221005,DSCD-14-PL-215,GCs,#InésArrimadasGarcía,#PedroSánchezPérezCastejón,ParlaMint-ES_2022-10-05-CD221005,ParlaMint-ES_2022-10-05-CD221005.u20,ParlaMint-ES_2022-10-05-CD221005.u22,ParlaMint-ES_2022-10-05-CD221005.u24,,high_confidence,True,,False,,ParlaMint-ES-5.0
ex_404699c69d0af8bf,,XIV,2022-10-05,ParlaMint-ES_2022-10-05-CD221005,,,#ConcepciónGamarraRuizClavijo,#PedroSánchezPérezCastejón,ParlaMint-ES_2022-10-05-CD221005,ParlaMint-ES_2022-10-05-CD221005.u2,ParlaMint-ES_2022-10-05-CD221005.u4,ParlaMint-ES_2022-10-05-CD221005.u6,ParlaMint-ES_2022-10-05-CD221005.u10,unlinked,False,no_congreso_name_match,False,,ParlaMint-ES-5.0
ex_c98d55de50f18e0a,,XIV,2022-10-05,ParlaMint-ES_2022-10-05-CD221005,,,#JoanBaldovíRoda,#PedroSánchezPérezCastejón,ParlaMint-ES_2022-10-05-CD221005,ParlaMint-ES_2022-10-05-CD221005.u14,ParlaMint-ES_2022-10-05-CD221005.u18,,,unlinked,False,tei_expediente_name_mismatch,False,,ParlaMint-ES-5.0
ex_376144e531e2cfc8,180/001068,XIV,2022-11-02,ParlaMint-ES_2022-11-02-CD221102,DSCD-14-PL-220,,#AitorEstebanBravo,#PedroSánchezPérezCastejón,ParlaMint-ES_2022-11-02-CD221102,ParlaMint-ES_2022-11-02-CD221102.u12,ParlaMint-ES_2022-11-02-CD221102.u14,ParlaMint-ES_2022-11-02-CD221102.u16,ParlaMint-ES_2022-11-02-CD221102.u18,high_confidence,True,,True,linkage_QA,ParlaMint-ES-5.0
ex_e14afce7f1815406,180/001070,XIV,2022-11-02,ParlaMint-ES_2022-11-02-CD221102,DSCD-14-PL-220,GEH Bildu,#MertxeAizpuruaArzallus,#PedroSánchezPérezCastejón,ParlaMint-ES_2022-11-02-CD221102,ParlaMint-ES_2022-11-02-CD221102.u21,ParlaMint-ES_2022-11-02-CD221102.u23,ParlaMint-ES_2022-11-02-CD221102.u25,ParlaMint-ES_2022-11-02-CD221102.u27,exact,True,,False,,ParlaMint-ES-5.0
ex_39d3a55e90ee29a3,180/001075,XIV,2022-11-02,ParlaMint-ES_2022-11-02-CD221102,DSCD-14-PL-220,GP,#ConcepciónGamarraRuizClavijo,#PedroSánchezPérezCastejón,ParlaMint-ES_2022-11-02-CD221102,ParlaMint-ES_2022-11-02-CD221102.u2,ParlaMint-ES_2022-11-02-CD221102.u4,ParlaMint-ES_2022-11-02-CD221102.u6,ParlaMint-ES_2022-11-02-CD221102.u10,high_confidence,True,,False,,ParlaMint-ES-5.0
ex_1190e31d4d59aa11,180/001081,XIV,2022-11-30,ParlaMint-ES_2022-11-30-CD221130,DSCD-14-PL-228,GMx,#AnaMaríaOramasGonzálezMoro,#PedroSánchezPérezCastejón,ParlaMint-ES_2022-11-30-CD221130,ParlaMint-ES_2022-11-30-CD221130.u19,ParlaMint-ES_2022-11-30-CD221130.u21,ParlaMint-ES_2022-11-30-CD221130.u23,,exact,True,,False,,ParlaMint-ES-5.0
ex_e97dab5497cd0bd4,180/001094,XIV,2022-11-30,ParlaMint-ES_2022-11-30-CD221130,DSCD-14-PL-228,GVOX,#SantiagoAbascalConde,#PedroSánchezPérezCastejón,ParlaMint-ES_2022-11-30-CD221130,ParlaMint-ES_2022-11-30-CD221130.u12,ParlaMint-ES_2022-11-30-CD221130.u16,,,exact,True,,True,linkage_QA,ParlaMint-ES-5.0
ex_eb05df8d32db0a23,,XIV,2022-11-30,ParlaMint-ES_2022-11-30-CD221130,,,#ConcepciónGamarraRuizClavijo,#PedroSánchezPérezCastejón,ParlaMint-ES_2022-11-30-CD221130,ParlaMint-ES_2022-11-30-CD221130.u3,ParlaMint-ES_2022-11-30-CD221130.u5,ParlaMint-ES_2022-11-30-CD221130.u7,ParlaMint-ES_2022-11-30-CD221130.u9,unlinked,False,no_congreso_name_match,False,,ParlaMint-ES-5.0
ex_286362bb638aa2e2,180/001119,XIV,2022-12-21,ParlaMint-ES_2022-12-21-CD221221,DSCD-14-PL-236,GR,#GabrielRufiánRomero,#PedroSánchezPérezCastejón,ParlaMint-ES_2022-12-21-CD221221,ParlaMint-ES_2022-12-21-CD221221.u14,ParlaMint-ES_2022-12-21-CD221221.u16,ParlaMint-ES_2022-12-21-CD221221.u18,ParlaMint-ES_2022-12-21-CD221221.u20,high_confidence,True,,True,linkage_QA,ParlaMint-ES-5.0
ex_6626b8e7b09dde45,180/001132,XIV,2022-12-21,ParlaMint-ES_2022-12-21-CD221221,DSCD-14-PL-236,GPlu,#MíriamNoguerasiCamero,#PedroSánchezPérezCastejón,ParlaMint-ES_2022-12-21-CD221221,ParlaMint-ES_2022-12-21-CD221221.u22,ParlaMint-ES_2022-12-21-CD221221.u24,ParlaMint-ES_2022-12-21-CD221221.u26,ParlaMint-ES_2022-12-21-CD221221.u28,high_confidence,True,,False,,ParlaMint-ES-5.0
ex_2a8c2e4f1c16e1a9,,XIV,2022-12-21,ParlaMint-ES_2022-12-21-CD221221,,,#ConcepciónGamarraRuizClavijo,#PedroSánchezPérezCastejón,ParlaMint-ES_2022-12-21-CD221221,ParlaMint-ES_2022-12-21-CD221221.u2,ParlaMint-ES_2022-12-21-CD221221.u4,ParlaMint-ES_2022-12-21-CD221221.u6,ParlaMint-ES_2022-12-21-CD221221.u12,unlinked,False,tei_expediente_name_mismatch,False,,ParlaMint-ES-5.0
ex_374fb1b8e45bbc57,180/001133,XIV,2023-02-08,ParlaMint-ES_2023-02-08-CD230208,DSCD-14-PL-241,GR,#GabrielRufiánRomero,#PedroSánchezPérezCastejón,ParlaMint-ES_2023-02-08-CD230208,ParlaMint-ES_2023-02-08-CD230208.u26,ParlaMint-ES_2023-02-08-CD230208.u28,ParlaMint-ES_2023-02-08-CD230208.u30,ParlaMint-ES_2023-02-08-CD230208.u32,exact,True,,False,,ParlaMint-ES-5.0
ex_a68e1fb9909b7e8d,180/001138,XIV,2023-02-08,ParlaMint-ES_2023-02-08-CD230208,DSCD-14-PL-241,GVOX,#SantiagoAbascalConde,#PedroSánchezPérezCastejón,ParlaMint-ES_2023-02-08-CD230208,ParlaMint-ES_2023-02-08-CD230208.u13,ParlaMint-ES_2023-02-08-CD230208.u15,ParlaMint-ES_2023-02-08-CD230208.u19,ParlaMint-ES_2023-02-08-CD230208.u21,exact,True,,False,,ParlaMint-ES-5.0
ex_aa4d0430a1020126,180/001141,XIV,2023-02-08,ParlaMint-ES_2023-02-08-CD230208,DSCD-14-PL-241,GP,#ConcepciónGamarraRuizClavijo,#PedroSánchezPérezCastejón,ParlaMint-ES_2023-02-08-CD230208,ParlaMint-ES_2023-02-08-CD230208.u2,ParlaMint-ES_2023-02-08-CD230208.u4,ParlaMint-ES_2023-02-08-CD230208.u8,ParlaMint-ES_2023-02-08-CD230208.u10,exact,True,,False,,ParlaMint-ES-5.0
ex_1070e956c49e764a,180/001151,XIV,2023-02-15,ParlaMint-ES_2023-02-15-CD230215,DSCD-14-PL-244,GCs,#InésArrimadasGarcía,#PedroSánchezPérezCastejón,ParlaMint-ES_2023-02-15-CD230215,ParlaMint-ES_2023-02-15-CD230215.u19,ParlaMint-ES_2023-02-15-CD230215.u21,ParlaMint-ES_2023-02-15-CD230215.u25,,high_confidence,True,,True,linkage_QA,ParlaMint-ES-5.0
ex_f3f37d48cbc4e7f9,180/001153,XIV,2023-02-15,ParlaMint-ES_2023-02-15-CD230215,DSCD-14-PL-244,GP,#ConcepciónGamarraRuizClavijo,#PedroSánchezPérezCastejón,ParlaMint-ES_2023-02-15-CD230215,ParlaMint-ES_2023-02-15-CD230215.u2,ParlaMint-ES_2023-02-15-CD230215.u4,ParlaMint-ES_2023-02-15-CD230215.u5,ParlaMint-ES_2023-02-15-CD230215.u7,exact,True,,False,,ParlaMint-ES-5.0
ex_191a1aa3ad884a9a,,XIV,2023-02-15,ParlaMint-ES_2023-02-15-CD230215,,,#MíriamNoguerasiCamero,#PedroSánchezPérezCastejón,ParlaMint-ES_2023-02-15-CD230215,ParlaMint-ES_2023-02-15-CD230215.u11,ParlaMint-ES_2023-02-15-CD230215.u13,ParlaMint-ES_2023-02-15-CD230215.u15,ParlaMint-ES_2023-02-15-CD230215.u17,unlinked,False,tei_expediente_name_mismatch,False,,ParlaMint-ES-5.0
ex_c223243adf1d7f4f,180/001171,XIV,2023-02-22,ParlaMint-ES_2023-02-22-CD230222,DSCD-14-PL-247,GEH Bildu,#MertxeAizpuruaArzallus,#PedroSánchezPérezCastejón,ParlaMint-ES_2023-02-22-CD230222,ParlaMint-ES_2023-02-22-CD230222.u20,ParlaMint-ES_2023-02-22-CD230222.u22,ParlaMint-ES_2023-02-22-CD230222.u24,ParlaMint-ES_2023-02-22-CD230222.u26,high_confidence,True,,False,,ParlaMint-ES-5.0
ex_3635d5872c53c4c6,180/001178,XIV,2023-02-22,ParlaMint-ES_2023-02-22-CD230222,DSCD-14-PL-247,,#AitorEstebanBravo,#PedroSánchezPérezCastejón,ParlaMint-ES_2023-02-22-CD230222,ParlaMint-ES_2023-02-22-CD230222.u12,ParlaMint-ES_2023-02-22-CD230222.u14,ParlaMint-ES_2023-02-22-CD230222.u16,ParlaMint-ES_2023-02-22-CD230222.u18,high_confidence,True,,True,linkage_QA,ParlaMint-ES-5.0
ex_744d06ba8ed0220e,,XIV,2023-02-22,ParlaMint-ES_2023-02-22-CD230222,,,#ConcepciónGamarraRuizClavijo,#PedroSánchezPérezCastejón,ParlaMint-ES_2023-02-22-CD230222,ParlaMint-ES_2023-02-22-CD230222.u2,ParlaMint-ES_2023-02-22-CD230222.u4,ParlaMint-ES_2023-02-22-CD230222.u8,ParlaMint-ES_2023-02-22-CD230222.u10,unlinked,False,tei_expediente_name_mismatch,False,,ParlaMint-ES-5.0
